<edmx:Edmx
    xmlns:edmx="http://schemas.microsoft.com/ado/2007/06/edmx" Version="1.0">
    <edmx:DataServices
        xmlns:m="http://schemas.microsoft.com/ado/2007/08/dataservices/metadata" m:DataServiceVersion="2.0">
        <Schema
            xmlns:d="http://schemas.microsoft.com/ado/2007/08/dataservices"
            xmlns:m="http://schemas.microsoft.com/ado/2007/08/dataservices/metadata"
            xmlns="http://schemas.microsoft.com/ado/2008/09/edm" Namespace="public.HackAJob.services.search">
            <EntityType Name="skillsType">
                <Key>
                    <PropertyRef Name="ID"/>
                </Key>
                <Property Name="ID" Type="Edm.Int64" Nullable="false"/>
                <Property Name="SKILL" Type="Edm.String" MaxLength="255"/>
            </EntityType>
            <EntityType Name="addressesType">
                <Key>
                    <PropertyRef Name="ADDRESS_ID"/>
                </Key>
                <Property Name="ADDRESS_ID" Type="Edm.Int64" Nullable="false"/>
                <Property Name="CITY_NAME" Type="Edm.String" MaxLength="255"/>
                <Property Name="ZIP_CODE" Type="Edm.Int32"/>
                <Property Name="STREET" Type="Edm.String" MaxLength="255"/>
                <Property Name="STREET_NR" Type="Edm.String" MaxLength="20"/>
                <Property Name="LATITUDE" Type="Edm.Decimal" Precision="30" Scale="14"/>
                <Property Name="LONGITUDE" Type="Edm.Decimal" Precision="30" Scale="14"/>
            </EntityType>
            <EntityContainer Name="search" m:IsDefaultEntityContainer="true">
                <EntitySet Name="skills" EntityType="public.HackAJob.services.search.skillsType"/>
                <EntitySet Name="addresses" EntityType="public.HackAJob.services.search.addressesType"/>
            </EntityContainer>
        </Schema>
    </edmx:DataServices>
</edmx:Edmx>