{
	"welcomeFile": "/index.html",
	"routes": [{
		"path": "/resources",
		"target": {
			"type": "service",
			"name": "sapui5",
			"entryPath": "/resources"
		},
		"description": "SAPUI5 Resources"
	}, {
		"path": "/test-resources",
		"target": {
			"type": "service",
			"name": "sapui5",
			"entryPath": "/test-resources"
		},
		"description": "SAPUI5 Test Resources"
	}, {
		"path": "/public/HackAJob/services/search.xsodata",
		"target": {
			"type": "destination",
			"name": "HACKAJOB"
		},
		"description": "Hack a job"
	}],
	"sendWelcomeFileRedirect": true,
	"cacheControl": [{
		"directive": "private",
		"maxAge": 0,
		"path": "**.html"
	}, {
		"directive": "private",
		"maxAge": 0,
		"path": "sap-ui-cachebuster-info.json"
	}, {
		"directive": "public",
		"maxAge": 31536000
	}]
}