{
    "resources": [
        {
            "name": "manifest.json"
        },
        {
            "name": "view/fragments/GoogleMap.fragment.xml"
        },
        {
            "name": "view/GoogleMap.view.xml"
        },
        {
            "name": "view/Maps.view.xml"
        },
        {
            "name": "controller/GoogleMap.controller.js"
        },
        {
            "name": "controller/Maps.controller.js"
        },
        {
            "name": "index.html"
        },
        {
            "name": "css/style.css"
        },
        {
            "name": "localService/search.xsodata/metadata.xml"
        },
        {
            "name": "i18n/i18n.properties",
            "raw": "i18n/i18n.properties"
        },
        {
            "name": "model/models.js"
        },
        {
            "name": "Component.js"
        },
        {
            "name": "Component-preload.js",
            "merged": true
        },
        {
            "name": "neo-app.json"
        }
    ]
}